<?xml version="1.0"?>
<QueryResult>
<Node name="192.168.7.100">
<TokenID>1567615636600</TokenID>
<ServiceList>
<ServiceName name="Packet Capture Logs">
<FileType  name="cli">
<FileName name="/var/log/active/platform/cli/phone_reg_8841.cap" modifiedDate="Wed Sep 04 15:40:25 EDT 2019" size="4454538"></FileName>
</FileType>
</ServiceName>
<ServiceName name="Event Viewer-System Log">
<FileType  name="syslog">
<FileName name="/var/log/active/syslog/messages" modifiedDate="Wed Sep 04 15:40:25 EDT 2019" size="2093890"></FileName>
</FileType>
</ServiceName>
<ServiceName name="Event Viewer-Application Log">
<FileType  name="syslog">
<FileName name="/var/log/active/syslog/CiscoSyslog" modifiedDate="Wed Sep 04 15:39:48 EDT 2019" size="3773272"></FileName>
<FileName name="/var/log/active/syslog/AlternateSyslog" modifiedDate="Wed Sep 04 15:39:48 EDT 2019" size="208021"></FileName>
</FileType>
</ServiceName>
<ServiceName name="Cisco CallManager">
<FileType  name="sdl">
<FileName name="/var/log/active/cm/trace/ccm/sdl/SDL001_100_000030.txt.gzo" modifiedDate="Wed Sep 04 15:40:32 EDT 2019" size="555162"></FileName>
</FileType>
</ServiceName>
<ServiceName name="Cisco Tftp">
<FileType  name="sdl">
<FileName name="/var/log/active/cm/trace/ctftp/sdl/SDL001_600_000010.txt" modifiedDate="Wed Sep 04 15:40:23 EDT 2019" size="696340"></FileName>
</FileType>
</ServiceName>
</ServiceList>
</Node>
</QueryResult>
