<?xml version="1.0"?>
<QueryResult>
<Node name="192.168.7.102">
<TokenID>1567615636666</TokenID>
<ServiceList>
<ServiceName name="Packet Capture Logs">
<FileType  name="cli">
<FileName name="/var/log/active/platform/cli/phone_reg_8841.cap" modifiedDate="Wed Sep 04 15:40:24 EDT 2019" size="1435196"></FileName>
</FileType>
</ServiceName>
<ServiceName name="Event Viewer-System Log">
<FileType  name="syslog">
<FileName name="/var/log/active/syslog/messages" modifiedDate="Wed Sep 04 15:40:24 EDT 2019" size="1888822"></FileName>
</FileType>
</ServiceName>
<ServiceName name="Event Viewer-Application Log">
</ServiceName>
<ServiceName name="Cisco CallManager">
<FileType  name="sdl">
<FileName name="/var/log/active/cm/trace/ccm/sdl/SDL003_100_000036.txt.gzo" modifiedDate="Wed Sep 04 15:40:31 EDT 2019" size="270149"></FileName>
</FileType>
</ServiceName>
<ServiceName name="Cisco Tftp">
<FileType  name="sdl">
<FileName name="/var/log/active/cm/trace/ctftp/sdl/SDL003_600_000009.txt" modifiedDate="Wed Sep 04 15:34:12 EDT 2019" size="30198"></FileName>
</FileType>
</ServiceName>
</ServiceList>
</Node>
</QueryResult>
