<?xml version="1.0"?>
<QueryResult>
<Node name="192.168.7.103">
<TokenID>1567615636648</TokenID>
<ServiceList>
<ServiceName name="Packet Capture Logs">
<FileType  name="cli">
<FileName name="/var/log/active/platform/cli/packets.cap" modifiedDate="Wed Sep 04 15:35:07 EDT 2019" size="131072"></FileName>
<FileName name="/var/log/active/platform/cli/phone_reg_8841.cap" modifiedDate="Wed Sep 04 15:40:23 EDT 2019" size="1635072"></FileName>
</FileType>
</ServiceName>
<ServiceName name="Event Viewer-System Log">
</ServiceName>
<ServiceName name="Event Viewer-Application Log">
</ServiceName>
<ServiceName name="Cisco CallManager">
<FileType  name="sdl">
<FileName name="/var/log/active/cm/trace/ccm/sdl/SDL004_100_000035.txt.gzo" modifiedDate="Wed Sep 04 15:40:31 EDT 2019" size="273443"></FileName>
</FileType>
</ServiceName>
<ServiceName name="Cisco Tftp">
<FileType  name="sdl">
<FileName name="/var/log/active/cm/trace/ctftp/sdl/SDL004_600_000007.txt" modifiedDate="Wed Sep 04 15:34:12 EDT 2019" size="29289"></FileName>
</FileType>
</ServiceName>
</ServiceList>
</Node>
</QueryResult>
