<?xml version="1.0" encoding="UTF-8"?>
<device  xsi:type="axl:XIPPhone" ctiid="24" uuid="{0464e0e2-530e-41e9-8598-abc74cf70893}">
<fullConfig>true</fullConfig>
<portalDefaultServer>192.168.7.104</portalDefaultServer>
<deviceProtocol>SIP</deviceProtocol>


<ipAddressMode>0</ipAddressMode>
<allowAutoConfig>true</allowAutoConfig>
<dadEnable>true</dadEnable>
<redirectEnable>false</redirectEnable>
<echoMultiEnable>false</echoMultiEnable>
<ipPreferenceModeControl>0</ipPreferenceModeControl>
<ipMediaAddressFamilyPreference>0</ipMediaAddressFamilyPreference>
<tzdata>
<tzolsonversion>2018c</tzolsonversion>
<tzupdater>tzupdater.jar</tzupdater>
</tzdata>
<mlppDomainId>000000</mlppDomainId>
<mlppIndicationStatus>Off</mlppIndicationStatus>
<preemption>Disabled</preemption>
<executiveOverridePreemptable>false</executiveOverridePreemptable>
<devicePool  uuid="{1b1b9eb6-7803-11d3-bdf0-00108302ead1}">
<revertPriority>0</revertPriority>
<name>Default</name>
<dateTimeSetting  uuid="{9ec4850a-7748-11d3-bdf0-00108302ead1}">
<name>CMLocal</name>
<dateTemplate>M/D/Y</dateTemplate>
<timeZone>Greenwich Standard Time</timeZone>
<olsonTimeZone>Etc/GMT</olsonTimeZone>
</dateTimeSetting>
<callManagerGroup>
<name>Default</name>
<tftpDefault>true</tftpDefault>
<members>
<member  priority="0">
<callManager>
<name>192.168.7.100</name>
<description>cucm-115</description>
<ports>
<ethernetPhonePort>2000</ethernetPhonePort>
<sipPort>5060</sipPort>
<securedSipPort>5061</securedSipPort>
<mgcpPorts>
<listen>2427</listen>
<keepAlive>2428</keepAlive>
</mgcpPorts>
</ports>
<processNodeName>192.168.7.100</processNodeName>
</callManager>
</member>
</members>
</callManagerGroup>
<srstInfo  uuid="{cd241e11-4a58-4d3d-9661-f06c912a18a3}">
<name>Disable</name>
<srstOption>Disable</srstOption>
<userModifiable>false</userModifiable>
<ipAddr1></ipAddr1>
<port1>2000</port1>
<ipAddr2></ipAddr2>
<port2>2000</port2>
<ipAddr3></ipAddr3>
<port3>2000</port3>
<sipIpAddr1></sipIpAddr1>
<sipPort1>5060</sipPort1>
<sipIpAddr2></sipIpAddr2>
<sipPort2>5060</sipPort2>
<sipIpAddr3></sipIpAddr3>
<sipPort3>5060</sipPort3>
<isSecure>false</isSecure>
</srstInfo>
<connectionMonitorDuration>120</connectionMonitorDuration>
</devicePool>
<TVS>
<members>
<member  priority="0">
<port>2445</port>
<address>192.168.7.100</address>
</member>
</members>
</TVS>
<sipProfile>
<sipProxies>
<backupProxy>USECALLMANAGER</backupProxy>
<backupProxyPort>5060</backupProxyPort>
<emergencyProxy>USECALLMANAGER</emergencyProxy>
<emergencyProxyPort>5060</emergencyProxyPort>
<outboundProxy>USECALLMANAGER</outboundProxy>
<outboundProxyPort>5060</outboundProxyPort>
<registerWithProxy>true</registerWithProxy>
</sipProxies>
<sipCallFeatures>
<cnfJoinEnabled>true</cnfJoinEnabled>
<callForwardURI>x-cisco-serviceuri-cfwdall</callForwardURI>
<callPickupURI>x-cisco-serviceuri-pickup</callPickupURI>
<callPickupListURI>x-cisco-serviceuri-opickup</callPickupListURI>
<callPickupGroupURI>x-cisco-serviceuri-gpickup</callPickupGroupURI>
<meetMeServiceURI>x-cisco-serviceuri-meetme</meetMeServiceURI>
<abbreviatedDialURI>x-cisco-serviceuri-abbrdial</abbreviatedDialURI>
<rfc2543Hold>false</rfc2543Hold>
<callHoldRingback>2</callHoldRingback>
<URIDialingDisplayPreference>1</URIDialingDisplayPreference>
<localCfwdEnable>true</localCfwdEnable>
<semiAttendedTransfer>true</semiAttendedTransfer>
<anonymousCallBlock>2</anonymousCallBlock>
<callerIdBlocking>2</callerIdBlocking>
<dndControl>0</dndControl>
<remoteCcEnable>true</remoteCcEnable>
<retainForwardInformation>false</retainForwardInformation>
</sipCallFeatures>
<sipStack>
<sipInviteRetx>6</sipInviteRetx>
<sipRetx>10</sipRetx>
<timerInviteExpires>180</timerInviteExpires>
<timerRegisterExpires>3600</timerRegisterExpires>
<timerRegisterDelta>5</timerRegisterDelta>
<timerKeepAliveExpires>120</timerKeepAliveExpires>
<timerSubscribeExpires>120</timerSubscribeExpires>
<timerSubscribeDelta>5</timerSubscribeDelta>
<timerT1>500</timerT1>
<timerT2>4000</timerT2>
<maxRedirects>70</maxRedirects>
<remotePartyID>true</remotePartyID>
<userInfo>None</userInfo>
</sipStack>
<autoAnswerTimer>1</autoAnswerTimer>
<autoAnswerAltBehavior>false</autoAnswerAltBehavior>
<autoAnswerOverride>true</autoAnswerOverride>
<transferOnhookEnabled>false</transferOnhookEnabled>
<enableVad>false</enableVad>
<preferredCodec>none</preferredCodec>
<dtmfAvtPayload>101</dtmfAvtPayload>
<dtmfDbLevel>3</dtmfDbLevel>
<dtmfOutofBand>avt</dtmfOutofBand>
<kpml>3</kpml>
<phoneLabel></phoneLabel>
<stutterMsgWaiting>2</stutterMsgWaiting>
<callStats>true</callStats>
<offhookToFirstDigitTimer>15000</offhookToFirstDigitTimer>
<T302Timer>15000</T302Timer>
<silentPeriodBetweenCallWaitingBursts>10</silentPeriodBetweenCallWaitingBursts>
<disableLocalSpeedDialConfig>true</disableLocalSpeedDialConfig>
<poundEndOfDial>false</poundEndOfDial>
<startMediaPort>16384</startMediaPort>
<stopMediaPort>32766</stopMediaPort>
<startVideoPort>0</startVideoPort>
<stopVideoPort>0</stopVideoPort>
<organizationTopLevelDomain></organizationTopLevelDomain>
<sipLines>
<line  button="1" lineIndex="1">
<featureID>9</featureID>
<featureLabel>1001</featureLabel>
<proxy>USECALLMANAGER</proxy>
<port>5060</port>
<name>1001</name>
<displayName></displayName>
<autoAnswer>
<autoAnswerEnabled>2</autoAnswerEnabled>
</autoAnswer>
<callWaiting>3</callWaiting>
<sharedLine>false</sharedLine>
<messageWaitingLampPolicy>3</messageWaitingLampPolicy>
<messageWaitingAMWI>0</messageWaitingAMWI>
<messagesNumber></messagesNumber>
<ringSettingIdle>4</ringSettingIdle>
<ringSettingActive>5</ringSettingActive>
<contact>03e94943-f015-4a82-819d-407abf5085f1</contact>
<forwardCallInfoDisplay>
<callerName>true</callerName>
<callerNumber>false</callerNumber>
<redirectedNumber>false</redirectedNumber>
<dialedNumber>true</dialedNumber>
</forwardCallInfoDisplay>
<maxNumCalls>4</maxNumCalls>
<busyTrigger>2</busyTrigger>
</line>
</sipLines>
<externalNumberMask></externalNumberMask>
<voipControlPort>5060</voipControlPort>
<dscpForAudio  tcl="conversational.audio.aq:admitted">184</dscpForAudio>
<dscpVideo  tcl="conversational.video.avconf.aq:admitted">136</dscpVideo>
<dscpAudioForVideo  tcl="conversational.audio.avconf.aq:admitted">136</dscpAudioForVideo>
<dscpForTelepresence  tcl="conversational.video.immersive.aq:admitted">128</dscpForTelepresence>
<dscpAudioForTelepresence  tcl="conversational.audio.immersive.aq:admitted">128</dscpAudioForTelepresence>
<dscpForPriorityAudio>180</dscpForPriorityAudio>
<dscpForImmediateAudio>176</dscpForImmediateAudio>
<dscpForFlashAudio>164</dscpForFlashAudio>
<dscpForFlashOverrideAudio>168</dscpForFlashOverrideAudio>
<dscpForExecutiveOverrideAudio>168</dscpForExecutiveOverrideAudio>
<dscpForPriorityVideo>156</dscpForPriorityVideo>
<dscpForImmediateVideo>148</dscpForImmediateVideo>
<dscpForFlashVideo>140</dscpForFlashVideo>
<dscpForFlashOverrideVideo>132</dscpForFlashOverrideVideo>
<dscpForExecutiveOverrideVideo>132</dscpForExecutiveOverrideVideo>
<ringSettingBusyStationPolicy>0</ringSettingBusyStationPolicy>
<dialTemplate></dialTemplate>
<softKeyFile>SKb0ec918f-b9ee-994b-57ae-345883c1fde8.xml</softKeyFile>
<alwaysUsePrimeLine>false</alwaysUsePrimeLine>
<alwaysUsePrimeLineVoiceMail>false</alwaysUsePrimeLineVoiceMail>
</sipProfile>
<MissedCallLoggingOption>1</MissedCallLoggingOption>
<commonProfile>

<backgroundImageAccess>true</backgroundImageAccess>
<callLogBlfEnabled>2</callLogBlfEnabled>
</commonProfile>
<loadInformation>sip88xx.12-1-1-12</loadInformation>
<inactiveLoadInformation>sip88xx.12-0-1SR1-1</inactiveLoadInformation>
<vendorConfig>
<disableSpeaker>false</disableSpeaker><disableSpeakerAndHeadset>false</disableSpeakerAndHeadset><pcPort>0</pcPort><voiceVlanAccess>0</voiceVlanAccess><spanToPCPort>0</spanToPCPort><recordingTone>0</recordingTone><recordingToneLocalVolume>100</recordingToneLocalVolume><recordingToneRemoteVolume>50</recordingToneRemoteVolume><recordingToneDuration></recordingToneDuration><lldpAssetId></lldpAssetId><powerPriority>0</powerPriority><minimumRingVolume>0</minimumRingVolume><ehookEnable>0</ehookEnable><headsetWidebandUIControl>0</headsetWidebandUIControl><headsetWidebandEnable>0</headsetWidebandEnable><garp>1</garp><allCallsOnPrimary>0</allCallsOnPrimary><g722CodecSupport>0</g722CodecSupport><defaultLineFilter></defaultLineFilter></vendorConfig>
<commonConfig>
<spanToPCPort>0</spanToPCPort><logProfile>2,3,5</logProfile><webAccess>0</webAccess><sshAccess>0</sshAccess><RingLocale>0</RingLocale><ice></ice><instantMessaging></instantMessaging><desktopClient></desktopClient></commonConfig>
<enterpriseConfig>
</enterpriseConfig>
<versionStamp>1567624995-a04050a4-27e3-4cd4-93b6-c94ebfc6e41b</versionStamp>
<userLocale>
<name>English_United_States</name>
<uid>1</uid>
<langCode>en_US</langCode>
<version>11.0.0.0(1)</version>
<winCharSet>iso-8859-1</winCharSet>
</userLocale>
<networkLocale>United_States</networkLocale>
<networkLocaleInfo>
<name>United_States</name>
<uid>64</uid>
<version>11.0.0.0(1)</version>
</networkLocaleInfo>
<deviceSecurityMode>1</deviceSecurityMode>
<idleTimeout>1</idleTimeout>
<authenticationURL>http://cucm-115.home.lab:8080/ccmcip/authenticate.jsp</authenticationURL>
<directoryURL>http://cucm-115.home.lab:8080/ccmcip/xmldirectory.jsp</directoryURL>
<idleURL></idleURL>
<informationURL>http://cucm-115.home.lab:8080/ccmcip/GetTelecasterHelpText.jsp</informationURL>
<messagesURL></messagesURL>
<proxyServerURL></proxyServerURL>
<servicesURL>http://cucm-115.home.lab:8080/ccmcip/getservicesmenu.jsp</servicesURL>
<secureAuthenticationURL>https://cucm-115.home.lab:8443/ccmcip/authenticate.jsp</secureAuthenticationURL>
<secureDirectoryURL>https://cucm-115.home.lab:8443/ccmcip/xmldirectory.jsp</secureDirectoryURL>
<secureIdleURL></secureIdleURL>
<secureInformationURL>https://cucm-115.home.lab:8443/ccmcip/GetTelecasterHelpText.jsp</secureInformationURL>
<secureMessagesURL></secureMessagesURL>
<secureServicesURL>https://cucm-115.home.lab:8443/ccmcip/getservicesmenu.jsp</secureServicesURL>
<dscpForSCCPPhoneConfig>96</dscpForSCCPPhoneConfig>
<dscpForSCCPPhoneServices>0</dscpForSCCPPhoneServices>
<dscpForCm2Dvce>96</dscpForCm2Dvce>
<transportLayerProtocol>4</transportLayerProtocol>
<dialToneSetting>1</dialToneSetting>
<dndCallAlert>5</dndCallAlert>
<phonePersonalization>0</phonePersonalization>
<rollover>0</rollover>
<singleButtonBarge>0</singleButtonBarge>
<joinAcrossLines>0</joinAcrossLines>
<autoCallPickupEnable>false</autoCallPickupEnable>
<blfAudibleAlertSettingOfIdleStation>0</blfAudibleAlertSettingOfIdleStation>
<blfAudibleAlertSettingOfBusyStation>0</blfAudibleAlertSettingOfBusyStation>
<capfAuthMode>0</capfAuthMode>
<capfList>
<capf>
<phonePort>3804</phonePort>
<processNodeName>192.168.7.100</processNodeName>
</capf>
</capfList>
<certHash></certHash>
<encrConfig>false</encrConfig>
<advertiseG722Codec>1</advertiseG722Codec>
<mobility>
<handoffdn></handoffdn>
<dtmfdn></dtmfdn>
<ivrdn></ivrdn>
<dtmfHoldCode>*81</dtmfHoldCode>
<dtmfExclusiveHoldCode>*82</dtmfExclusiveHoldCode>
<dtmfResumeCode>*83</dtmfResumeCode>
<dtmfTxfCode>*84</dtmfTxfCode>
<dtmfCnfCode>*85</dtmfCnfCode>
</mobility>
<TLSResumptionTimer>3600</TLSResumptionTimer>
<userId></userId>
<ownerId></ownerId>
<phoneServices  useHTTPS="true">
<provisioning>0</provisioning>
<phoneService  type="1" category="0">
<name>Missed Calls</name>
<url>Application:Cisco/MissedCalls</url>
<vendor></vendor>
<version></version>
</phoneService>
<phoneService  type="2" category="0">
<name>Voicemail</name>
<url>Application:Cisco/Voicemail</url>
<vendor></vendor>
<version></version>
</phoneService>
<phoneService  type="1" category="0">
<name>Received Calls</name>
<url>Application:Cisco/ReceivedCalls</url>
<vendor></vendor>
<version></version>
</phoneService>
<phoneService  type="1" category="0">
<name>Placed Calls</name>
<url>Application:Cisco/PlacedCalls</url>
<vendor></vendor>
<version></version>
</phoneService>
<phoneService  type="1" category="0">
<name>Personal Directory</name>
<url>Application:Cisco/PersonalDirectory</url>
<vendor></vendor>
<version></version>
</phoneService>
<phoneService  type="1" category="0">
<name>Corporate Directory</name>
<url>Application:Cisco/CorporateDirectory</url>
<vendor></vendor>
<version></version>
</phoneService>
</phoneServices>
</device>
